{
      "s1": {
            "n": 32,
            "L": 26.389378290154262,
            "eps": 0.2,
            "phiBar": 0.2,
            "phiAmp": 0.4,
            "dt": 0.125,
            "mTotal": 401,
            "dx": 0.8246680715673207,
            "tStart": 0,
            "tEnd": 50.0,
            "mode": "TEST"
      }
}