parameter,value
Pi,3.141592653589793
n,32
L,26.703537555513243
eps,0.2
phiBar,0.2
phiAmp,0.4
dx,0.8344855486097889
dt,1
tStart,0
tEnd,100
