{
      "s2": {
            "n": 128,
            "L": 106.81415022205297,
            "eps": 0.2,
            "dt": 0.25,
            "mTotal": 3201,
            "dx": 0.8344855486097889,
            "tStart": 0,
            "tEnd": 800,
            "folderName": "2024-01-02-14-02-47",
            "sourceFolder": "o1_init_test",
            "mode": "TEST_RUN_BASE"
      },
      "s1": {
            "n": 128,
            "L": 106.81415022205297,
            "eps": 0.2,
            "dt": 0.25,
            "mTotal": 2,
            "dx": 0.8344855486097889,
            "tStart": 0,
            "tEnd": 0.25,
            "mode": "TEST_INIT",
            "phiBar": 0.2,
            "phiAmp": 0.4
      }
}