{
      "s1": {
            "n": 128,
            "L": 106.81415022205297,
            "eps": 0.2,
            "dt": 0.25,
            "mTotal": 2,
            "dx": 0.8344855486097889,
            "tStart": 0,
            "tEnd": 0.25,
            "mode": "TEST_INIT",
            "phiBar": 0.2,
            "phiAmp": 0.4
      }
}